Workbook

Sheet калькуляции
B1: Вихід, грам | C1: Назва | D1: Продукти | E1: Вага у грамах
A2: Холодні рибні закуски | G2: point
B3: 150 | C3: Ніжне філе слабосоленого лосося з олію та кріпом | E3: =SUM(E4:E8) -> 165 | G3: point
A4: =E4*A3 -> 0 | D4: Філе лосося | E4: 120 | F4: =SUMIF('список продуктов'!$A$8:$A$917,"="&D4,'список продуктов'!$C$8:$C$917) -> 1
A5: =E5*A3 -> 0 | D5: Масло вершкове | E5: 10 | F5: =SUMIF('список продуктов'!$A$8:$A$917,"="&D5,'список продуктов'!$C$8:$C$917) -> 1
A6: =E6*A3 -> 0 | D6: Кріп свіжий | E6: 10 | F6: =SUMIF('список продуктов'!$A$8:$A$917,"="&D6,'список продуктов'!$C$8:$C$917) -> 1
A7: =E7*A3 -> 0 | D7: Салат Лолло Росса | E7: 10 | F7: =SUMIF('список продуктов'!$A$8:$A$917,"="&D7,'список продуктов'!$C$8:$C$917) -> 1
A8: =E8*A3 -> 0 | D8: Лимон | E8: 15 | F8: =SUMIF('список продуктов'!$A$8:$A$917,"="&D8,'список продуктов'!$C$8:$C$917) -> 1
B9: 150 | C9: Рибне плато: слабосолена сьомга, копчена масляна риба, палтус х/к, Зелень | E9: =SUM(E10:E14) -> 170 | G9: point
A10: =E10*A9 -> 0 | D10: Філе лосося | E10: 50 | F10: =SUMIF('список продуктов'!$A$8:$A$917,"="&D10,'список продуктов'!$C$8:$C$917) -> 1
A11: =E11*A9 -> 0 | D11: Масляна риба х/к | E11: 50 | F11: =SUMIF('список продуктов'!$A$8:$A$917,"="&D11,'список продуктов'!$C$8:$C$917) -> 1
A12: =E12*A9 -> 0 | D12: Палтус х/к | E12: 50 | F12: =SUMIF('список продуктов'!$A$8:$A$917,"="&D12,'список продуктов'!$C$8:$C$917) -> 1
A13: =E13*A9 -> 0 | D13: Салат Лолло Росса | E13: 10 | F13: =SUMIF('список продуктов'!$A$8:$A$917,"="&D13,'список продуктов'!$C$8:$C$917) -> 1
A14: =E14*A9 -> 0 | D14: Кріп свіжий | E14: 10 | F14: =SUMIF('список продуктов'!$A$8:$A$917,"="&D14,'список продуктов'!$C$8:$C$917) -> 1
B15: 210 | C15: Асорті "Рибна симфонія": філе лосося с/с, масляна с/с, млинці з лососевою ікрою | E15: =SUM(E16:E29) -> 291.25 | G15: point
A16: =E16*A15 -> 0 | D16: Філе лосося | E16: 60 | F16: =SUMIF('список продуктов'!$A$8:$A$917,"="&D16,'список продуктов'!$C$8:$C$917) -> 1
A17: =E17*A15 -> 0 | D17: Масло вершкове | E17: 40 | F17: =SUMIF('список продуктов'!$A$8:$A$917,"="&D17,'список продуктов'!$C$8:$C$917) -> 1
A18: =E18*A15 -> 0 | D18: Кріп свіжий | E18: 10 | F18: =SUMIF('список продуктов'!$A$8:$A$917,"="&D18,'список продуктов'!$C$8:$C$917) -> 1
A19: =E19*A15 -> 0 | D19: Салат Лолло Росса | E19: 10 | F19: =SUMIF('список продуктов'!$A$8:$A$917,"="&D19,'список продуктов'!$C$8:$C$917) -> 1
A20: =E20*A15 -> 0 | D20: Лимон | E20: 15 | F20: =SUMIF('список продуктов'!$A$8:$A$917,"="&D20,'список продуктов'!$C$8:$C$917) -> 1
A21: =E21*A15 -> 0 | D21: Масляна риба х/к | E21: 60 | F21: =SUMIF('список продуктов'!$A$8:$A$917,"="&D21,'список продуктов'!$C$8:$C$917) -> 1
A22: =E22*A15 -> 0 | D22: Ікра лососева | E22: 10 | F22: =SUMIF('список продуктов'!$A$8:$A$917,"="&D22,'список продуктов'!$C$8:$C$917) -> 1
C23: Млинець жарений(1шт):
A24: =E24*A15 -> 0 | D24: Борошно | E24: 20.5 | F24: =SUMIF('список продуктов'!$A$8:$A$917,"="&D24,'список продуктов'!$C$8:$C$917) -> 1
A25: =E25*A15 -> 0 | D25: Молоко | E25: 52 | F25: =SUMIF('список продуктов'!$A$8:$A$917,"="&D25,'список продуктов'!$C$8:$C$917) -> 0
A26: =E26*A15 -> 0 | D26: Яйце куряче | E26: 8 | F26: =SUMIF('список продуктов'!$A$8:$A$917,"="&D26,'список продуктов'!$C$8:$C$917) -> 1
A27: =E27*A15 -> 0 | D27: Сіль | E27: 0.5 | F27: =SUMIF('список продуктов'!$A$8:$A$917,"="&D27,'список продуктов'!$C$8:$C$917) -> 1
A28: =E28*A15 -> 0 | D28: Цукор | E28: 1.75 | F28: =SUMIF('список продуктов'!$A$8:$A$917,"="&D28,'список продуктов'!$C$8:$C$917) -> 1
A29: =E29*A15 -> 0 | D29: Олія соняшникова | E29: 3.5 | F29: =SUMIF('список продуктов'!$A$8:$A$917,"="&D29,'список продуктов'!$C$8:$C$917) -> 1
B31: 6000 | C31: Морські делікатеси по-царськи: вугор, раки, омари, фаршировані кальмари, мідії | E31: =SUM(E32:E40) -> 8400 | G31: point
A32: =E32*A31 -> 0 | D32: Вугор х/к | E32: 1500 | F32: =SUMIF('список продуктов'!$A$8:$A$917,"="&D32,'список продуктов'!$C$8:$C$917) -> 1
A33: =E33*A31 -> 0 | D33: Омар | E33: 1500 | F33: =SUMIF('список продуктов'!$A$8:$A$917,"="&D33,'список продуктов'!$C$8:$C$917) -> 1
A34: =E34*A31 -> 0 | D34: Раки | E34: 1500 | F34: =SUMIF('список продуктов'!$A$8:$A$917,"="&D34,'список продуктов'!$C$8:$C$917) -> 1
A35: =E35*A31 -> 0 | D35: Тушка кальмара очищена с/м | E35: 1500 | F35: =SUMIF('список продуктов'!$A$8:$A$917,"="&D35,'список продуктов'!$C$8:$C$917) -> 1
A36: =E36*A31 -> 0 | D36: Мідії в панцирі | E36: 1500 | F36: =SUMIF('список продуктов'!$A$8:$A$917,"="&D36,'список продуктов'!$C$8:$C$917) -> 1
A37: =E37*A31 -> 0 | D37: Лимон | E37: 500 | F37: =SUMIF('список продуктов'!$A$8:$A$917,"="&D37,'список продуктов'!$C$8:$C$917) -> 1
A38: =E38*A31 -> 0 | D38: Оливки без кісточки | E38: 150 | F38: =SUMIF('список продуктов'!$A$8:$A$917,"="&D38,'список продуктов'!$C$8:$C$917) -> 1
A39: =E39*A31 -> 0 | D39: Маслини без кісточки | E39: 150 | F39: =SUMIF('список продуктов'!$A$8:$A$917,"="&D39,'список продуктов'!$C$8:$C$917) -> 1
A40: =E40*A31 -> 0 | D40: Салат Лоло Біонда | E40: 100 | F40: =SUMIF('список продуктов'!$A$8:$A$917,"="&D40,'список продуктов'!$C$8:$C$917) -> 1
B41: 35 | C41: Французькі профітролі з лососевою ікрою, вершковим сиром та лимончиком | E41: =SUM(E42:E46)+15 -> 39 | G41: point
A42: =E42*A41 -> 0 | D42: Профітроль | E42: 1 | F42: =SUMIF('список продуктов'!$A$8:$A$917,"="&D42,'список продуктов'!$C$8:$C$917) -> 1
A43: =E43*A41 -> 0 | D43: Крем-сир | E43: 4 | F43: =SUMIF('список продуктов'!$A$8:$A$917,"="&D43,'список продуктов'!$C$8:$C$917) -> 1
A44: =E44*A41 -> 0 | D44: Лимон | E44: 2 | F44: =SUMIF('список продуктов'!$A$8:$A$917,"="&D44,'список продуктов'!$C$8:$C$917) -> 1
A45: =E45*A41 -> 0 | D45: Кріп свіжий | E45: 2 | F45: =SUMIF('список продуктов'!$A$8:$A$917,"="&D45,'список продуктов'!$C$8:$C$917) -> 1
A46: =E46*A41 -> 0 | D46: Ікра червона | E46: 15 | F46: =SUMIF('список продуктов'!$A$8:$A$917,"="&D46,'список продуктов'!$C$8:$C$917) -> 1
B47: 150 | C47: Оселедець з картоплею і червоною цибулею | E47: =SUM(E48:E54) -> 309 | G47: point
A48: =E48*A47 -> 0 | D48: Картопля | E48: 150 | F48: =SUMIF('список продуктов'!$A$8:$A$917,"="&D48,'список продуктов'!$C$8:$C$917) -> 1
A49: =E49*A47 -> 0 | D49: Зелень | E49: 15 | F49: =SUMIF('список продуктов'!$A$8:$A$917,"="&D49,'список продуктов'!$C$8:$C$917) -> 0
A50: =E50*A47 -> 0 | D50: Оцет | E50: 3 | F50: =SUMIF('список продуктов'!$A$8:$A$917,"="&D50,'список продуктов'!$C$8:$C$917) -> 1
A51: =E51*A47 -> 0 | D51: Олія соняшникова | E51: 20 | F51: =SUMIF('список продуктов'!$A$8:$A$917,"="&D51,'список продуктов'!$C$8:$C$917) -> 1
A52: =E52*A47 -> 0 | D52: Оселедець норвезький(філе) | E52: 90 | F52: =SUMIF('список продуктов'!$A$8:$A$917,"="&D52,'список продуктов'!$C$8:$C$917) -> 1
A53: =E53*A47 -> 0 | D53: Цибуля червона | E53: 30 | F53: =SUMIF('список продуктов'!$A$8:$A$917,"="&D53,'список продуктов'!$C$8:$C$917) -> 1
A54: =E54*A47 -> 0 | D54: Соус Соєвий | E54: 1 | F54: =SUMIF('список продуктов'!$A$8:$A$917,"="&D54,'список продуктов'!$C$8:$C$917) -> 1
B55: 120/120 | C55: Судак у буряковому маринаді з гілочкою чебрецю | E55: =SUM(E56:E70) -> 446.1 | G55: point
A56: =E56*A55 -> 0 | C56: 2 шматочки | D56: Філе судака | E56: 150 | F56: =SUMIF('список продуктов'!$A$8:$A$917,"="&D56,'список продуктов'!$C$8:$C$917) -> 1
A57: =E57*A55 -> 0 | D57: Борошно | E57: 15 | F57: =SUMIF('список продуктов'!$A$8:$A$917,"="&D57,'список продуктов'!$C$8:$C$917) -> 1
A58: =E58*A55 -> 0 | D58: Олія соняшникова | E58: 20 | F58: =SUMIF('список продуктов'!$A$8:$A$917,"="&D58,'список продуктов'!$C$8:$C$917) -> 1
A59: =E59*A55 -> 0 | D59: Чебрець | E59: 1 | F59: =SUMIF('список продуктов'!$A$8:$A$917,"="&D59,'список продуктов'!$C$8:$C$917) -> 1
A60: =E60*A55 -> 0 | C60: Маринад: | D60: Буряк | E60: 80 | F60: =SUMIF('список продуктов'!$A$8:$A$917,"="&D60,'список продуктов'!$C$8:$C$917) -> 1
A61: =E61*A55 -> 0 | D61: Морква | E61: 80 | F61: =SUMIF('список продуктов'!$A$8:$A$917,"="&D61,'список продуктов'!$C$8:$C$917) -> 1
A62: =E62*A55 -> 0 | D62: Цибуля ріпчаста | E62: 60 | F62: =SUMIF('список продуктов'!$A$8:$A$917,"="&D62,'список продуктов'!$C$8:$C$917) -> 1
A63: =E63*A55 -> 0 | D63: Олія соняшникова | E63: 20 | F63: =SUMIF('список продуктов'!$A$8:$A$917,"="&D63,'список продуктов'!$C$8:$C$917) -> 1
A64: =E64*A55 -> 0 | D64: Оцет | E64: 1 | F64: =SUMIF('список продуктов'!$A$8:$A$917,"="&D64,'список продуктов'!$C$8:$C$917) -> 1
A65: =E65*A55 -> 0 | D65: Томатна паста | E65: 10 | F65: =SUMIF('список продуктов'!$A$8:$A$917,"="&D65,'список продуктов'!$C$8:$C$917) -> 1
A66: =E66*A55 -> 0 | D66: Цукор | E66: 1 | F66: =SUMIF('список продуктов'!$A$8:$A$917,"="&D66,'список продуктов'!$C$8:$C$917) -> 1
A67: =E67*A55 -> 0 | D67: Сіль | E67: 1 | F67: =SUMIF('список продуктов'!$A$8:$A$917,"="&D67,'список продуктов'!$C$8:$C$917) -> 1
A68: =E68*A55 -> 0 | D68: Перець чорний мелений | E68: 0.1 | F68: =SUMIF('список продуктов'!$A$8:$A$917,"="&D68,'список продуктов'!$C$8:$C$917) -> 1
A69: =E69*A55 -> 0 | D69: Салат Лоло Біонда | E69: 5 | F69: =SUMIF('список продуктов'!$A$8:$A$917,"="&D69,'список продуктов'!$C$8:$C$917) -> 1
A70: =E70*A55 -> 0 | D70: Петрушка свіжа | E70: 2 | F70: =SUMIF('список продуктов'!$A$8:$A$917,"="&D70,'список продуктов'!$C$8:$C$917) -> 1
B71: 200/25 | C71: Закуска з кальмарів з креветками та морською капустою | E71: =SUM(E72:E80) -> 371.2 | G71: point
A72: =E72*A71 -> 0 | D72: Тушка кальмара очищена с/м | E72: 200 | F72: =SUMIF('список продуктов'!$A$8:$A$917,"="&D72,'список продуктов'!$C$8:$C$917) -> 1
A73: =E73*A71 -> 0 | D73: Креветки коктейльні | E73: 50 | F73: =SUMIF('список продуктов'!$A$8:$A$917,"="&D73,'список продуктов'!$C$8:$C$917) -> 1
A74: =E74*A71 -> 0 | D74: Морська капуста | E74: 80 | F74: =SUMIF('список продуктов'!$A$8:$A$917,"="&D74,'список продуктов'!$C$8:$C$917) -> 1
A75: =E75*A71 -> 0 | D75: Желатин | E75: 3 | F75: =SUMIF('список продуктов'!$A$8:$A$917,"="&D75,'список продуктов'!$C$8:$C$917) -> 1
A76: =E76*A71 -> 0 | D76: Приправа до риби | E76: 3 | F76: =SUMIF('список продуктов'!$A$8:$A$917,"="&D76,'список продуктов'!$C$8:$C$917) -> 1
A77: =E77*A71 -> 0 | D77: Сіль | E77: 0.1 | F77: =SUMIF('список продуктов'!$A$8:$A$917,"="&D77,'список продуктов'!$C$8:$C$917) -> 1
A78: =E78*A71 -> 0 | D78: Перець чорний мелений | E78: 0.1 | F78: =SUMIF('список продуктов'!$A$8:$A$917,"="&D78,'список продуктов'!$C$8:$C$917) -> 1
A79: =E79*A71 -> 0 | D79: Маслини без кісточки | E79: 15 | F79: =SUMIF('список продуктов'!$A$8:$A$917,"="&D79,'список продуктов'!$C$8:$C$917) -> 1
A80: =E80*A71 -> 0 | D80: Лимон | E80: 20 | F80: =SUMIF('список продуктов'!$A$8:$A$917,"="&D80,'список продуктов'!$C$8:$C$917) -> 1
B81: 150/30 | C81: Роли з копченого вугра з насінням смаженого кунжуту | E81: =SUM(E82:E90) -> 227.2 | F81: =SUMIF('список продуктов'!$A$8:$A$917,"="&D81,'список продуктов'!$C$8:$C$917) -> 0 | G81: point
A82: =E82*A81 -> 0 | D82: Вугор х/к | E82: 80 | F82: =SUMIF('список продуктов'!$A$8:$A$917,"="&D82,'список продуктов'!$C$8:$C$917) -> 1
A83: =E83*A81 -> 0 | D83: Лосось копчений | E83: 60 | F83: =SUMIF('список продуктов'!$A$8:$A$917,"="&D83,'список продуктов'!$C$8:$C$917) -> 1
A84: =E84*A81 -> 0 | D84: Крабові палочки | E84: 40 | F84: =SUMIF('список продуктов'!$A$8:$A$917,"="&D84,'список продуктов'!$C$8:$C$917) -> 1
A85: =E85*A81 -> 0 | D85: Желатин | E85: 3 | F85: =SUMIF('список продуктов'!$A$8:$A$917,"="&D85,'список продуктов'!$C$8:$C$917) -> 1
A86: =E86*A81 -> 0 | D86: Сіль | E86: 0.1 | F86: =SUMIF('список продуктов'!$A$8:$A$917,"="&D86,'список продуктов'!$C$8:$C$917) -> 1
A87: =E87*A81 -> 0 | D87: Перець чорний мелений | E87: 0.1 | F87: =SUMIF('список продуктов'!$A$8:$A$917,"="&D87,'список продуктов'!$C$8:$C$917) -> 1
A88: =E88*A81 -> 0 | D88: Лимон | E88: 30 | F88: =SUMIF('список продуктов'!$A$8:$A$917,"="&D88,'список продуктов'!$C$8:$C$917) -> 1
A89: =E89*A81 -> 0 | D89: Салат Лоло Біонда | E89: 11 | F89: =SUMIF('список продуктов'!$A$8:$A$917,"="&D89,'список продуктов'!$C$8:$C$917) -> 1
A90: =E90*A81 -> 0 | D90: Кріп свіжий | E90: 3 | F90: =SUMIF('список продуктов'!$A$8:$A$917,"="&D90,'список продуктов'!$C$8:$C$917) -> 1
F91: =SUMIF('список продуктов'!$A$8:$A$917,"="&D91,'список продуктов'!$C$8:$C$917) -> 0
B92: 500/100 | C92: Короп фарширований овочами | E92: =SUM(E93:E107) -> 1226 | F92: =SUMIF('список продуктов'!$A$8:$A$917,"="&D92,'список продуктов'!$C$8:$C$917) -> 0 | G92: point
A93: =E93*A92 -> 0 | D93: Карп | E93: 700 | F93: =SUMIF('список продуктов'!$A$8:$A$917,"="&D93,'список продуктов'!$C$8:$C$917) -> 1
A94: =E94*A92 -> 0 | D94: Цибуля ріпчаста | E94: 75 | F94: =SUMIF('список продуктов'!$A$8:$A$917,"="&D94,'список продуктов'!$C$8:$C$917) -> 1
A95: =E95*A92 -> 0 | D95: Морква | E95: 75 | F95: =SUMIF('список продуктов'!$A$8:$A$917,"="&D95,'список продуктов'!$C$8:$C$917) -> 1
A96: =E96*A92 -> 0 | D96: Буряк | E96: 100 | F96: =SUMIF('список продуктов'!$A$8:$A$917,"="&D96,'список продуктов'!$C$8:$C$917) -> 1
A97: =E97*A92 -> 0 | D97: Сіль | E97: 1 | F97: =SUMIF('список продуктов'!$A$8:$A$917,"="&D97,'список продуктов'!$C$8:$C$917) -> 1
A98: =E98*A92 -> 0 | D98: Перець чорний мелений | E98: 1 | F98: =SUMIF('список продуктов'!$A$8:$A$917,"="&D98,'список продуктов'!$C$8:$C$917) -> 1
A99: =E99*A92 -> 0 | D99: Сало свиняче | E99: 50 | F99: =SUMIF('список продуктов'!$A$8:$A$917,"="&D99,'список продуктов'!$C$8:$C$917) -> 1
A100: =E100*A92 -> 0 | D100: Куряче філе | E100: 50 | F100: =SUMIF('список продуктов'!$A$8:$A$917,"="&D100,'список продуктов'!$C$8:$C$917) -> 1
A101: =E101*A92 -> 0 | D101: Приправа до риби | E101: 1 | F101: =SUMIF('список продуктов'!$A$8:$A$917,"="&D101,'список продуктов'!$C$8:$C$917) -> 1
...

Sheet список продуктов
A2: Позначення | B2: Закупка в грамах
A6: РИБНИЙ
A7: РИБА
A8: Лосось свіжий (тушка) | B8: =калькуляции!A4525+калькуляции!A4664 -> 0 | C8: 1
A9: Риба-меч | B9: =калькуляции!A4153 -> 0 | C9: 1
A10: Сьомга стейк | B10: =калькуляции!A4295+калькуляции!A4312+калькуляции!A4348+калькуляции!A4376+калькуляции!A4390 -> 0 | C10: 1
A11: Стейк амура | B11: =калькуляции!A4590 -> 0 | C11: 1
A12: Стейк форель | B12: =калькуляции!A4645 -> 0 | C12: 1
A13: Філе пангасіуса | B13: =калькуляции!A4324+калькуляции!A11764+калькуляции!A10607+калькуляции!A12159+калькуляции!A11843 -> 0 | C13: 1
A14: Філе судака | B14: =калькуляции!A56+калькуляции!A166+калькуляции!A240+калькуляции!A4100+калькуляции!A4128+калькуляции!A4165+калькуляции!A4274+калькуляции!A4447+калькуляции!A4534+калькуляции!A4602+калькуляции!A7696 -> 0 | C14: 1
A15: Філе сома | B15: =калькуляции!A3979+калькуляции!A4014+калькуляции!A4260+калькуляции!A4334+калькуляции!A4401+калькуляции!A4610+калькуляции!A4629 -> 0 | C15: 1
A16: Філе тріски | B16: =калькуляции!A4434 -> 0 | C16: 1
A17: Філе тунця | B17: =калькуляции!A4543+калькуляции!A10297+калькуляции!A5890+калькуляции!A12938 -> 0 | C17: 1
A18: Філе лосося | B18: =калькуляции!A167+калькуляции!A185+калькуляции!A239+калькуляции!A5367+калькуляции!A1864+калькуляции!A3951+калькуляции!A3965+калькуляции!A3990+калькуляции!A4179+калькуляции!A4364+калькуляции!A4461+калькуляции!A4611+калькуляции!A4621+калькуляции!A7508+калькуляции!A8049+калькуляции!A4323+калькуляции!A1884+калькуляции!A1904+калькуляции!A5831+калькуляции!A10096+калькуляции!A10005+калькуляции!A10290+калькуляции!A5880+калькуляции!A12972+калькуляции!A5955+калькуляции!A12931+калькуляции!A4973+калькуляции!A11754+калькуляции!A11735+калькуляции!A11752+калькуляции!A16+калькуляции!A4966+калькуляции!A5307+калькуляции!A5384+калькуляции!A1712+калькуляции!A10212+калькуляции!A4+калькуляции!A13021+калькуляции!A10140+калькуляции!A10+калькуляции!A118+калькуляции!A1061+калькуляции!A1104+калькуляции!A5231+калькуляции!A5278+калькуляции!A5437+калькуляции!A6969+калькуляции!A1584+калькуляции!A1593+калькуляции!A7999+калькуляции!A109+калькуляции!A6238+калькуляции!A2007+калькуляции!A5454+калькуляции!A6216+калькуляции!A7077+калькуляции!A11827+калькуляции!A11841+калькуляции!A11865+калькуляции!A10842+калькуляции!A11029+калькуляции!A11542+калькуляции!A11318+калькуляции!A6426+калькуляции!A6450+калькуляции!A6473+калькуляции!A11217+калькуляции!A5130+калькуляции!A5145+калькуляции!A769+калькуляции!A11481+калькуляции!A738+калькуляции!A9948+калькуляции!A9927+калькуляции!A4+калькуляции!A7114+калькуляции!A1679 -> 0 | C18: 1
A19: Філе осетрини | B19: =калькуляции!A176+калькуляции!A4002+калькуляции!A4240+калькуляции!A4250 -> 0 | C19: 1
A20: Філе окуня | B20: =калькуляции!A3964+калькуляции!A4221 -> 0 | C20: 1
A21: Філе хека | B21: =калькуляции!A1420+калькуляции!A10621+калькуляции!A12381+калькуляции!A12662 -> 0 | C21: 1
A22: Філе мінтая | B22: =калькуляции!A4114+калькуляции!A4139+калькуляции!A10635 -> 0 | C22: 1
A23: Філе риби оптимальне | B23: =калькуляции!A8991+калькуляции!A8998+калькуляции!A9006 -> 0 | C23: 1
A24: Філе телапії | B24: =калькуляции!A12550 -> 0 | C24: 1
A25: Форель райдужна (річкова) | B25: =калькуляции!A1462+калькуляции!A4501 -> 0 | C25: 1
A26: Анчоуси філе | B26: =калькуляции!A3842 -> 0 | C26: 1
A27: Дорадо | B27: =калькуляции!A4513+калькуляции!A4655 -> 0 | C27: 1
A28: Сібас | B28: =калькуляции!A4475+калькуляции!A4488 -> 0 | C28: 1
A29: Скумбрія | B29: =калькуляции!A4194+калькуляции!A12009+калькуляции!A12295+калькуляции!A13305+калькуляции!A13425+калькуляции!A4635 -> 0 | C29: 1
A30: Карп | B30: =калькуляции!A93+калькуляции!A7684+калькуляции!A12357 -> 0 | C30: 1
A31: МОРЕПРОДУКТИ
A32: Креветки королівські в панцирі | B32: =калькуляции!A4065 -> 0 | C32: 1
A33: Креветки коктейльні | B33: =калькуляции!A73+калькуляции!A227+калькуляции!A6676+калькуляции!A1531+калькуляции!A1780+калькуляции!A4026+калькуляции!A4241+калькуляции!A4584+калькуляции!A4833+калькуляции!A7555+калькуляции!A7818+калькуляции!A1945+калькуляции!A5963+калькуляции!A1971 -> 0 | C33: 1
A34: Креветка 16/20 | B34: =калькуляции!A2059+калькуляции!A4672+калькуляции!A11548+калькуляции!A11331+калькуляции!A6456+калькуляции!A6484+калькуляции!A4690+калькуляции!A4700+калькуляции!A5752+калькуляции!A5339+калькуляции!A6694+калькуляции!A1628+калькуляции!A9990+калькуляции!A10019+калькуляции!A10283+калькуляции!A5856+калькуляции!A12918+калькуляции!A6289+калькуляции!A10384+калькуляции!A5511+калькуляции!A6162+калькуляции!A5678 -> 0 | C34: 1
A35: Гребінець морський | B35: =калькуляции!A1733+калькуляции!A4206+калькуляции!A4486+калькуляции!A4554 -> 0 | C35: 1
A36: Тушка кальмара очищена с/м | B36: =калькуляции!A35+калькуляции!A72+калькуляции!A4557+калькуляции!A7507 -> 0 | C36: 1
A37: Креветка тигрова | B37: =калькуляции!A156+калькуляции!A206+калькуляции!A6757+калькуляции!A13042+калькуляции!A13066+калькуляции!A13083+калькуляции!A1480+калькуляции!A1607+калькуляции!A1731+калькуляции!A4041+калькуляции!A4053+калькуляции!A4207+калькуляции!A4536+калькуляции!A4556+калькуляции!A4567+калькуляции!A7506+калькуляции!A10831 -> 0 | C37: 1
A38: Мідії | B38: =калькуляции!A1530+калькуляции!A1732+калькуляции!A4091+калькуляции!A7606+калькуляции!A5964+калькуляции!A6308 -> 0 | C38: 1
A39: Мідії в панцирі | B39: =калькуляции!A36+калькуляции!A4555+калькуляции!A7505 -> 0 | C39: 1
A40: Устриця, 12 шт. | B40: =калькуляции!A261 -> 0 | C40: 1
A41: М'ясо краба (ракові шийки) | B41: =калькуляции!A996+калькуляции!A5183+калькуляции!A6610+калькуляции!A6699 -> 0 | C41: 1
A42: Омар | B42: =калькуляции!A33 -> 0 | C42: 1
A43: Раки | B43: =калькуляции!A34+калькуляции!A4412 -> 0 | C43: 1
A44: ГОТОВІ РИБНІ ВИРОБИ
A45: Горбуша | B45: =калькуляции!A4916 -> 0 | C45: 1
A46: Кілька солона | B46: =калькуляции!A145+калькуляции!A4893 -> 0 | C46: 1
A47: Лосось копчений | B47: =калькуляции!A83+калькуляции!A255+калькуляции!A7295+калькуляции!A13051+калькуляции!A13058+калькуляции!A13075+калькуляции!A13082 -> 0 | C47: 1
A48: Лосось філе с/к | B48: =калькуляции!A1071 -> 0 | C48: 1
A49: Масляна риба х/к | B49: =калькуляции!A11+калькуляции!A21+калькуляции!A126+калькуляции!A1103+калькуляции!A4886+калькуляции!A110+калькуляции!A5436+калькуляции!A1517+калькуляции!A10091 -> 0 | C49: 1
A50: Анчоуси | B50: =калькуляции!A1142+калькуляции!A1554+калькуляции!A1818+калькуляции!A2399+калькуляции!A10104+калькуляции!A2100+калькуляции!A11346+калькуляции!A6499+калькуляции!A4995+калькуляции!A5684 -> 0 | C50: 1
A51: Ікра червона | B51: =калькуляции!A46+калькуляции!A233+калькуляции!A5153+калькуляции!A5417+калькуляции!A7303+калькуляции!A1594+калькуляции!A3953+калькуляции!A4423+калькуляции!A10844 -> 0 | C51: 1
A52: Ікра лососева | B52: =калькуляции!A22+калькуляции!A5159+калькуляции!A6990+калькуляции!A8121 -> 0 | C52: 1
A53: Ікра тріски | B53: =калькуляции!A5340 -> 0 | C53: 1
A54: Ікра тобіко | B54: =калькуляции!A13045+калькуляции!A13069+калькуляции!A13078+калькуляции!A13086 -> 0 | C54: 1
A55: Осетрина х/к | B55: =калькуляции!A122 -> 0 | C55: 1
A56: Палтус х/к | B56: =калькуляции!A12+калькуляции!A6982 -> 0 | C56: 1
A57: Оселедець норвезький(філе) | B57: =калькуляции!A52+калькуляции!A137 -> 0 | C57: 1
A58: Оселедець іспанський | B58: =калькуляции!A132 -> 0 | C58: 1
A59: Скумбрія х/к | B59: =калькуляции!A198+калькуляции!A4979+калькуляции!A10111+калькуляции!A6902 -> 0 | C59: 1
A60: Скумбрія г/к | B60: =калькуляции!A5790 -> 0 | C60: 1
A61: Скумбрія х/к філе | B61: =калькуляции!A5072 -> 0 | C61: 1
A62: Тунець х/к | B62: =калькуляции!A6869 -> 0 | C62: 1
A63: Вугор копчений для суші | B63: =калькуляции!A13057+калькуляции!A13065+калькуляции!A13074 -> 0 | C63: 1
A64: Вугор х/к | B64: =калькуляции!A32+калькуляции!A82+калькуляции!A111+калькуляции!A5053 -> 0 | C64: 1
A65: Філе оселедця | B65: =калькуляции!A858+калькуляции!A6876+калькуляции!A1278+калькуляции!A1950+калькуляции!A6020+калькуляции!A6556 -> 0 | C65: 1
A66: Олія оселедцева | B66: =калькуляции!A4930 -> 0 | C66: 1
A67: Олія креветки | B67: =калькуляции!A4936+калькуляции!A6938 -> 0 | C67: 1
A68: Ікра зелена "Тобіко" | B68: =калькуляции!A10098+калькуляции!A4975 -> 0 | C68: 1
A71: М'ЯСНИЙ
A72: М'ЯСО (СУБПРОДУКТИ) ПТИЦІ | C72: 1
A73: Філе дичини | B73: =калькуляции!A2627 -> 0 | C73: 1
A74: Перепілка | B74: =калькуляции!A2704 -> 0 | C74: 1
A75: Курча | B75: =калькуляции!A2477+калькуляции!A2488 -> 0 | C75: 1
A76: Качка | B76: =калькуляции!A2543+калькуляции!A2557+калькуляции!A2732+калькуляции!A2865 -> 0 | C76: 1
A77: Качина грудка | B77: =калькуляции!A1762+калькуляции!A2500+калькуляции!A2640+калькуляции!A10305+калькуляции!A5897+калькуляции!A6601+калькуляции!A6320+калькуляции!A11234+калькуляции!A5543+калькуляции!A11179+калькуляции!A1202 -> 0 | C77: 1
A78: Качина ніжка | B78: =калькуляции!A2653 -> 0 | C78: 1
A79: Куряча печінка | B79: =калькуляции!A336+калькуляции!A5061+калькуляции!A1750+калькуляции!A2576+калькуляции!A3817+калькуляции!A549+калькуляции!A10476+калькуляции!A10483+калькуляции!A2886+калькуляции!A492+калькуляции!A13524+калькуляции!A6891+калькуляции!A10239+калькуляции!A6189+калькуляции!A10412+калькуляции!A5245+калькуляции!A9935 -> 0 | C79: 1
A80: Курячі потрохи (пупочки, серця) | B80: =калькуляции!A2324+калькуляции!A8967 -> 0 | C80: 1
A81: Курячі сердця | B81: =калькуляции!A2768 -> 0 | C81: 1
A82: Курка ціла | B82: =калькуляции!A335+калькуляции!A2431+калькуляции!A2738+калькуляции!A7815 -> 0 | C82: 1
A83: Курка ціла домашня | B83: =калькуляции!A471+калькуляции!A7709 -> 0 | C83: 1
A84: Куряче філе | B84: =калькуляции!A100+калькуляции!A986+калькуляции!A1049+калькуляции!A1092+калькуляции!A1114+калькуляции!A1135+калькуляции!A1166+калькуляции!A4990+калькуляции!A7280+калькуляции!A1301+калькуляции!A1317+калькуляции!A1370+калькуляции!A1396+калькуляции!A1451+калькуляции!A1547+калькуляции!A1827+калькуляции!A1843+калькуляции!A2198+калькуляции!A2242+калькуляции!A2253+калькуляции!A2266+калькуляции!A2278+калькуляции!A2347+калькуляции!A2359+калькуляции!A2371+калькуляции!A2382+калькуляции!A2397+калькуляции!A2408+калькуляции!A2419+калькуляции!A2453+калькуляции!A2467+калькуляции!A2597+калькуляции!A2666+калькуляции!A2856+калькуляции!A2681+калькуляции!A2701+калькуляции!A2813+калькуляции!A2824+калькуляции!A2847+калькуляции!A4763+калькуляции!A7504+калькуляции!A8798+калькуляции!A8828+калькуляции!A8852+калькуляции!A8876+калькуляции!A8913+калькуляции!A8931+калькуляции!A8940+калькуляции!A8947+калькуляции!A8955+калькуляции!A8973+калькуляции!A8982+калькуляции!A5769+калькуляции!A758+калькуляции!A1917+калькуляции!A2444+калькуляции!A4796+калькуляции!A9962+калькуляции!A556+калькуляции!A1931+калькуляции!A556+калькуляции!A1961+калькуляции!A11617+калькуляции!A11574+калькуляции!A11589+калькуляции!A11599+калькуляции!A5689+калькуляции!A10204+калькуляции!A6862+калькуляции!A10508+калькуляции!A10522+калькуляции!A10130+калькуляции!A6384+калькуляции!A2094+калькуляции!A2222+калькуляции!A11950+калькуляции!A11960+калькуляции!A11970+калькуляции!A12100+калькуляции!A12109+калькуляции!A12200+калькуляции!A12247+калькуляции!A12281+калькуляции!A12328+калькуляции!A12626+калькуляции!A12674+калькуляции!A12634+калькуляции!A7047+калькуляции!A7057+калькуляции!A12507+калькуляции!A12721+калькуляции!A11790+калькуляции!A11805+калькуляции!A10659+калькуляции!A9859+калькуляции!A9826+калькуляции!A11891+калькуляции!A11925+калькуляции!A11257+калькуляции!A11295+калькуляции!A1231+калькуляции!A5566+калькуляции!A5602+калькуляции!A13336+калькуляции!A13380+калькуляции!A8167+калькуляции!A13572 -> 0 | C84: 1
A85: Куряче стегно | B85: =калькуляции!A2207+калькуляции!A2215+калькуляции!A2723+калькуляции!A1891+калькуляции!A2238+калькуляции!A565+калькуляции!A11566+калькуляции!A11580+калькуляции!A11607+калькуляции!A10501+калькуляции!A13176+калькуляции!A12044+калькуляции!A12229+калькуляции!A12613+калькуляции!A12699+калькуляции!A12766+калькуляции!A12786+калькуляции!A11874+калькуляции!A12179+калькуляции!A11897+калькуляции!A11931+калькуляции!A11193+калькуляции!A13353+калькуляции!A13365 -> 0 | C85: 1
A86: Курячі окорочка | B86: =калькуляции!A296 -> 0 | C86: 1
A87: Курячі крила | B87: =калькуляции!A2291+калькуляции!A2303+калькуляции!A2313+калькуляции!A2839+калькуляции!A12429+калькуляции!A10766+калькуляции!A13412 -> 0 | C87: 1
A88: Курячі гомілки | B88: =калькуляции!A2338 -> 0 | C88: 1
A89: Індичка ціла | B89: =калькуляции!A2527 -> 0 | C89: 1
A90: Філе індички | B90: =калькуляции!A5425+калькуляции!A1792+калькуляции!A2565+калькуляции!A11675+калькуляции!A11678+калькуляции!A11688+калькуляции!A6008 -> 0 | C90: 1
A91: Сердце індички | B91: =калькуляции!A2783 -> 0 | C91: 1
A92: Печінка індички | B92: =калькуляции!A719 -> 0 | C92: 1
A93: Стегно індички | B93: =калькуляции!A2798 -> 0 | C93: 1
A94: Печінка качина пекінська | B94: =калькуляции!A3839+калькуляции!A3843 -> 0 | C94: 1
A95: Гусак | B95: =калькуляции!A2515 -> 0 | C95: 1
A96: Курячий фарш | B96: =калькуляции!A7262+калькуляции!A10159+калькуляции!A12593+калькуляции!A2874+калькуляции!A11283+калькуляции!A11305+калькуляции!A5590+калькуляции!A5612+калькуляции!A2892+калькуляции!A6511+калькуляции!A11512+калькуляции!A7146+калькуляции!A12809 -> 0 | C96: 1
A97: Фуа-гра | B97: =калькуляции!A2747+калькуляции!A3857 -> 0 | C97: 1
A98: М'ЯСО (СУБПРОДУКТИ) СВИННІ
A99: Карбонат п/ф | B99: =калькуляции!A328 -> 0 | C99: 1
A100: Ковбаса домашня п/ф | B100: =калькуляции!A310 -> 0 | C100: 1
A101: Грудинка свиняча | B101: =калькуляции!A7787 -> 0 | C101: 1
A102: Ребра свинячі | B102: =калькуляции!A3058+калькуляции!A3082+калькуляции!A3093+калькуляции!A3118+калькуляции!A3130+калькуляции!A3353+калькуляции!A3390+калькуляции!A7720+калькуляции!A3339+калькуляции!A3432+калькуляции!A11649+калькуляции!A11651+калькуляции!A11867+калькуляции!A11798+калькуляции!A10754 -> 0 | C102: 1
A103: Ошийок свинячий | B103: =калькуляции!A2916+калькуляции!A2927+калькуляции!A2972+калькуляции!A2981+калькуляции!A3214+калькуляции!A3256+калькуляции!A3409+калькуляции!A7521+калькуляции!A11625+калькуляции!A11635+калькуляции!A11661+калькуляции!A10531+калькуляции!A10670+калькуляции!A11245+калькуляции!A5554 -> 0 | C103: 1
A104: Окіст свинячий | B104: =калькуляции!A318+калькуляции!A3294 -> 0 | C104: 1
A105: Сало свиняче | B105: =калькуляции!A99+калькуляции!A514+калькуляции!A859+калькуляции!A4923+калькуляции!A2544+калькуляции!A2815+калькуляции!A3167+калькуляции!A3589+калькуляции!A3821+калькуляции!A3889+калькуляции!A7484+калькуляции!A7810+калькуляции!A7836+калькуляции!A7846+калькуляции!A8914+калькуляции!A8956+калькуляции!A8978+калькуляции!A729+калькуляции!A12460 -> 0 | C105: 1
A106: Сало генеральське | B106: =калькуляции!A5445 -> 0 | C106: 1
...
